model_type,AUC,Accuracy,Sensitivity,Specificty
QSAR,0.692307692307692,55,53.8461538461538,57.1428571428571
QBAR-Biomarker,0.758241758241758,65,69.2307692307692,57.1428571428571
QBAR-Pathway,0.813186813186813,75,76.9230769230769,71.4285714285714
QBAR-Cellular,0.802197802197802,70,69.2307692307692,71.4285714285714
QSBAR-Biomarker,0.703296703296703,60,61.5384615384615,57.1428571428571
QSBAR-Pathway,0.549450549450549,50,53.8461538461538,42.8571428571429
QSBAR-Cellular,0.725274725274725,55,53.8461538461538,57.1428571428571
